2018-01-11 23:16:44.959987$https://stackoverflow.com/jobs/165098/technology-innovation-team-internship-mkp-capital-management-llc$Technology Innovation Team Internship$9h ago$MKP Capital Management LLC$New York, NY$java, sql, python, c#, excel-vba, 
2018-01-11 23:16:44.961008$https://stackoverflow.com/jobs/165109/senior-embedded-sqa-mobile-robots-omron-adept-technologies$Senior Embedded SQA Mobile Robots$3h ago$Omron Adept Technologies$Amherst, NH$firmware, fpga, can, serial-port, gyroscope, 
2018-01-11 23:16:44.961953$https://stackoverflow.com/jobs/151499/platform-software-engineer-adobe-systems$Platform Software Engineer$7h ago$Adobe Systems$San Francisco, CA$go, docker, python, ruby, c++, 
2018-01-11 23:16:44.962852$https://stackoverflow.com/jobs/163155/developer-fixed-income-c-plus-plus-oracle-velosys$Developer - Fixed Income/c++/Oracle$7h ago$Velosys$Newport Beach, CA$c++, oracle, solaris, java, 
2018-01-11 23:16:44.963720$https://stackoverflow.com/jobs/151497/senior-software-developer-for-hulus-ad-platform-hulu$Senior Software Developer for Hulu's Ad Platform$7h ago$Hulu$Santa Monica, CA$java, design, python, 
2018-01-11 23:16:44.964566$https://stackoverflow.com/jobs/161774/data-engineer-to-lead-up-data-infrastructure-pmg-worldwide-llc$Data Engineer to lead up Data Infrastructure Process$7h ago$PMG Worldwide LLC$Fort Worth, TX$python, php, sql, javascript, amazon-web-services, 
2018-01-11 23:16:44.965594$https://stackoverflow.com/jobs/165104/senior-devops-engineer-gliffy$Senior DevOps Engineer$7h ago$Gliffy$San Francisco, CA$node.js, java, playframework-2.0, python, ruby, sysadmin, 
2018-01-11 23:16:44.966563$https://stackoverflow.com/jobs/163152/senior-software-engineer-in-test-solutionreach$Senior Software Engineer in Test$8h ago$Solutionreach$Lehi, UT$swagger, testing, go, python, javascript, 
2018-01-11 23:16:44.967393$https://stackoverflow.com/jobs/135581/system-network-engineer-needed-3-years-of-creative-radicals$System & Network Engineer Needed! - 3 Years of Experience$10h ago$Creative Radicals$Tampa, FL$windows, linux, juniper, juniper-network-connect, virtualization, sysadmin, 
2018-01-11 23:16:44.968240$https://stackoverflow.com/jobs/163146/cyber-security-engineer-reverse-engineering-software-engineering-institute$Cyber Security Engineer - Reverse Engineering & Python - 2006484$10h ago$Software Engineering Institute$Pittsburgh, PA$security, python, reverse-engineering, malware, 
2018-01-11 23:16:44.969086$https://stackoverflow.com/jobs/143332/senior-software-engineer-nepfin$Senior Software Engineer$11h ago$NepFin$San Francisco, CA$python, javascript, postgresql, 
2018-01-11 23:16:44.969902$https://stackoverflow.com/jobs/165085/senior-java-developer-excella-consulting$Senior Java Developer$11h ago$Excella Consulting$Arlington, VA$java, agile, java-ee, spring, spring-mvc, 
2018-01-11 23:16:44.970710$https://stackoverflow.com/jobs/165084/senior-ruby-developer-excella-consulting$Senior Ruby Developer$11h ago$Excella Consulting$Arlington, VA$ruby-on-rails, agile, ruby, rubygems, 
2018-01-11 23:16:44.971500$https://stackoverflow.com/jobs/133989/devops-engineer-for-healthtech-company-rebuilding-capsule$"DevOps Engineer for HealthTech Company Rebuilding the $425bn Pharma Industry"$11h ago$Capsule$New York, NY$ansible, amazon-web-services, docker, python, git, sysadmin, 
2018-01-11 23:16:44.972335$https://stackoverflow.com/jobs/165078/platform-build-and-integration-engineer-peloton-interactive$Platform Build and Integration Engineer$12h ago$Peloton Interactive$Mountain View, CA$android, git, continuous-integration, linux-kernel, maven, 
2018-01-11 23:16:44.973156$https://stackoverflow.com/jobs/163140/mid-level-front-end-engineer-with-html5-scss-and-bentobox-cms-inc$Mid-level Front End Engineer with HTML5, SCSS and JavaScript$12h ago$BentoBox CMS Inc$New York, NY$html, css, react, webpack, templates, 
2018-01-11 23:16:44.973968$https://stackoverflow.com/jobs/138083/devops-backend-developer-dunbar-security-solutions$DevOps / Backend Developer$12h ago$Dunbar Security Solutions$Cockeysville, MD$python, logstash, elasticsearch, kibana, amazon-web-services, 
2018-01-11 23:16:44.974741$https://stackoverflow.com/jobs/165075/software-test-release-engineer-blockstream$Software Test / Release Engineer$12h ago$Blockstream$Mountain View, CA$python, testing, linux, scripting, 
2018-01-11 23:16:44.975552$https://stackoverflow.com/jobs/145969/penetration-tester-siemens-usa$Penetration Tester$12h ago$Siemens - USA$Princeton, NJ$security, penetration-testing, python, powershell, 
2018-01-11 23:16:44.976355$https://stackoverflow.com/jobs/157499/backend-engineer-performance-rollbar$Backend Engineer - Performance$12h ago$Rollbar$San Francisco, CA$python, mysql, nodes, elasticsearch, redis, sysadmin, 
2018-01-11 23:16:44.977192$https://stackoverflow.com/jobs/157498/lead-front-end-engineer-react-redux-rollbar$Lead Front-End Engineer (React/Redux)$12h ago$Rollbar$San Francisco, CA$reactjs, python, redux, 
2018-01-11 23:16:44.978510$https://stackoverflow.com/jobs/165053/senior-software-process-systems-engineer-johnson-outdoors$Senior Software Process/Systems Engineer$13h ago$Johnson Outdoors$Alpharetta, GA$embedded, testing, automated-tests, sysadmin, 
2018-01-11 23:16:44.979303$https://stackoverflow.com/jobs/165069/engineering-lead-vacasa$Engineering Lead$13h ago$Vacasa$Portland, OR$oop, python, agile, php, api, 
2018-01-11 23:16:44.980083$https://stackoverflow.com/jobs/165068/software-engineer-hw-integration-imaging-ceres-imaging$Software Engineer (HW Integration & Imaging System)$13h ago$Ceres Imaging$Oakland, CA$embedded-linux, python, java, c++, gstreamer, 
2018-01-11 23:16:44.980858$https://stackoverflow.com/jobs/163133/build-release-engineer-rockstar-games$Build & Release Engineer$13h ago$Rockstar Games$Carlsbad, CA$branching-and-merging, continuous-integration, build, deployment, configuration, 
